AD	Martina
AD	Emma
AD	Jana
AD	Lucia
AD	Iker
AD	Leo
AD	Biel
AD	Dylan
AD	Jordi
AD	Marc
AE	Mariam
AE	Sara
AE	Sarah
AE	Fatima
AE	Fatma
AE	Ayesha
AE	Noor
AE	Mohammad
AE	Ali
AE	Omar
AE	Ahmad
AE	Ahmed
AE	Abdulla
AE	Abdullah
AL	Amelia
AL	Ajla
AL	Aria
AL	Amelja
AL	Leandra
AL	Ambra
AL	Klea
AL	Melisa
AL	Amaris
AL	Reina
AL	Noel
AL	Aron
AL	Joel
AL	Roan
AL	Amar
AL	Mateo
AL	Alteo
AL	Roel
AL	Luis
AL	Dion
AM	Anahit
AM	Gayane
AM	Anna
AM	Karine
AM	Hasmik
AM	Lusine
AM	Susanna
AM	Armine
AM	Narine
AM	Lilit
AM	Armen
AM	Artur
AM	Karen
AM	Samvel
AM	Gevorg
AM	Ashot
AM	Davit
AM	Arman
AM	Hovhannes
AM	Gagik
AM	Nare
AM	Maria
AM	Arpi
AM	Maneh
AM	Angelina
AM	Mari
AM	Eva
AM	Mariam
AM	Sofi
AM	Narek
AM	Monte
AM	Tigran
AM	Areg
AM	Hayk
AM	Mark
AM	Mikayel
AM	Aleks
AM	Areni
AR	Emma
AR	Olivia
AR	Martina
AR	Isabella
AR	Alma
AR	Catalina
AR	Mia
AR	Victoria
AR	Delfina
AR	Mateo
AR	Bautista
AR	Juan
AR	Felipe
AR	Bruno
AR	Noah
AR	Benicio
AR	Thiago
AR	Ciro
AR	Liam
AT	Marie
AT	Emilia
AT	Anna
AT	Emma
AT	Lena
AT	Mia
AT	Laura
AT	Valentina
AT	Hannah
AT	Lea
AT	Paul
AT	Jakob
AT	Maximilian
AT	Elias
AT	David
AT	Felix
AT	Leon
AT	Tobias
AT	Jonas
AT	Noah
AT	Sophia
AT	Sara
AT	Sophie
AT	Elena
AT	Mateo
AT	Luka
AT	Theodor
AT	Mohammad
AT	Alexander
AT	Adam
AU	Charlotte
AU	Amelia
AU	Isla
AU	Olivia
AU	Mia
AU	Ava
AU	Matilda
AU	Ella
AU	Grace
AU	Willow
AU	Oliver
AU	Noah
AU	Leo
AU	William
AU	Henry
AU	Jack
AU	Theodore
AU	Hudson
AU	Charlie
AU	Luca
AW	Alysha
AW	Isabella
AW	Isabelle
AW	Emily
AW	Emely
AW	Daniel
AW	Dylan
AW	Dyllan
AW	Kevin
AW	Keven
AZ	Ali
AZ	Elchin
AZ	Vugar
AZ	Anar
AZ	Elnur
AZ	Samir
AZ	Elshan
AZ	Rashad
AZ	Ilgar
AZ	Vusal
AZ	Zahra
AZ	Aylin
AZ	Zeynab
AZ	Maryam
AZ	Fatima
AZ	Nilay
AZ	Malak
AZ	Ayla
AZ	Nuray
AZ	Huseyn
AZ	Yusif
AZ	Mahammad
AZ	Raul
AZ	Omar
AZ	Murad
AZ	Adam
AZ	Tunar
AZ	Sevinj
AZ	Gunel
AZ	Leyla
AZ	Aygun
AZ	Gunay
AZ	Sevda
AZ	Vusala
AZ	Konul
AZ	Aysel
AZ	Tarana
BA	Sara
BA	Merjem
BA	Asja
BA	Esma
BA	Amina
BA	Ema
BA	Hana
BA	Lejla
BA	Lamija
BA	Dalila
BA	Davud
BA	Ahmed
BA	Hamza
BA	Amar
BA	Adin
BA	Daris
BA	Eman
BA	Harun
BA	Ali
BD	Mohammed
BD	Mohammad
BD	Abdul
BD	Muhammad
BD	Abdullah
BD	Ahmed
BD	Syed
BD	Kazi
BD	Sheikh
BD	Hasan
BE	Olivia
BE	Emma
BE	Louise
BE	Mila
BE	Alice
BE	Camille
BE	Lina
BE	Sofia
BE	Ella
BE	Juliette
BE	Arthur
BE	Noah
BE	Louis
BE	Liam
BE	Jules
BE	Adam
BE	Lucas
BE	Gabriel
BE	Victor
BE	Oscar
BO	Martha
BO	Roxana
BO	Ana Maria
BO	Elizabeth
BO	Sonia
BO	Juana
BO	Patricia
BO	Lidia
BO	Rosmery
BO	Carmen
BO	Juan Carlos
BO	Marco Antonio
BO	Juan
BO	Mario
BO	David
BO	Ferndo
BO	Victor Hugo
BO	Jorge
BR	Maria
BR	Ana
BR	Francisca
BR	Adriana
BR	Juliana
BR	Marcia
BR	Fernanda
BR	Aline
BR	Francisco
BR	Carlos
BR	Paulo
BR	Pedro
BR	Lucas
BR	Luiz
BR	Marcos
BR	Helena
BR	Alice
BR	Laura
BR	Maria Alice
BR	Sophia
BR	Manuela
BR	Liz
BR	Isabella
BR	Miguel
BR	Arthur
BR	Gael
BR	Heitor
BR	Ravi
BR	Davi
BR	Berrdo
BR	Noah
BR	Gabriel
BY	Alisa
BY	Hanna
BY	Maryja
BY	Safija
BY	Maksim
BY	Mark
BY	Michail
CA	Olivia
CA	Emma
CA	Charlotte
CA	Amelia
CA	Ava
CA	Sophia
CA	Chloe
CA	Mia
CA	Mila
CA	Isla
CA	Alice
CA	Noah
CA	Liam
CA	William
CA	Leo
CA	Benjamin
CA	Theodore
CA	Jack
CA	Thomas
CA	Logan
CA	Oliver
CA	Charlie
CA	Florence
CA	Livia
CA	Rose
CA	Juliette
CA	Jacob
CA	Arthur
CA	Louis
CA	Nathan
CH	Mia
CH	Emma
CH	Elena
CH	Lina
CH	Mila
CH	Emilia
CH	Sofia
CH	Olivia
CH	Nora
CH	Alina
CH	Noah
CH	Liam
CH	Matteo
CH	Luca
CH	Gabriel
CH	Leon
CH	Elias
CH	Louis
CH	Lio
CH	Nino
CL	Emma
CL	Isabella
CL	Emilia
CL	Julieta
CL	Trinidad
CL	Isidora
CL	Agustina
CL	Josefa
CL	Mia
CL	Mateo
CL	Gaspar
CL	Santiago
CL	Lucas
CL	Liam
CL	Vicente
CL	Maximiliano
CO	Antonella
CO	Isabella
CO	Luciana
CO	Celeste
CO	Victoria
CO	Gabriela
CO	Mariana
CO	Julieta
CO	Guadalupe
CO	Emiliano
CO	Samuel
CO	Thiago
CO	Emmanuel
CO	Maximiliano
CO	Isaac
CO	Santiago
CZ	Anna
CZ	Tereza
CZ	Sofie
CZ	Viktorie
CZ	Ema
CZ	Julie
CZ	Jakub
CZ	Jan
CZ	Adam
CZ	Filip
CZ	Martin
DE	Emilia
DE	Mia
DE	Sophia
DE	Emma
DE	Hannah
DE	Lina
DE	Mila
DE	Ella
DE	Leni
DE	Clara
DE	Noah
DE	Matteo
DE	Elias
DE	Finn
DE	Leon
DE	Theo
DE	Paul
DE	Emil
DE	Henry
DE	Ben
DK	Ella
DK	Alma
DK	Nora
DK	Ida
DK	Freja
DK	Sofia
DK	Luna
DK	Olivia
DK	Agnes
DK	Asta
DK	Clara
DK	Emma
DK	Frida
DK	Alberte
DK	William
DK	Oscar
DK	Carl
DK	Malthe
DK	Emil
DK	Valdemar
DK	Noah
DK	Aksel
DK	August
DK	Theo
DZ	Omar
DZ	Abdelkader
DZ	Ahmed
DZ	Mohammed
DZ	Ali
DZ	Rachid
DZ	Said
DZ	Brahim
DZ	Djamel
DZ	Imene
DZ	Sara
DZ	Yasmine
DZ	Lyna
DZ	Maria
DZ	Amina
DZ	Meriem
DZ	Karima
DZ	Melissa
DZ	Lydia
EC	Danna
EC	Emma
EC	Emily
EC	Victoria
EC	Aitana
EC	Isabella
EC	Liam
EC	Thiago
EC	Dylan
EC	Ian
EC	Carlos
EC	Juan
EC	Luis
EC	Gael
EE	Sofia
EE	Mia
EE	Eva
EE	Lenna
EE	Marta
EE	Amelia
EE	Elli
EE	Maria
EE	Sandra
EE	Alisa
EE	Oskar
EE	Sebastian
EE	Mark
EE	Hugo
EE	Robin
EE	Martin
EE	David
EE	Lukas
EE	Aron
EE	Rasmus
EG	Mary
EG	Marie
EG	Mariam
EG	Marina
EG	Irene
EG	Malak
EG	Habiba
EG	Hana
EG	Farah
EG	Marwa
EG	Nada
EG	Salma
EG	Peter
EG	Pierre
EG	George
EG	John
EG	Mina
EG	Beshoi
EG	Kirollos
EG	Mark
EG	Fadi
EG	Habib
EG	Shaimaa
EG	Fatma
EG	Maha
EG	Reem
EG	Farida
EG	Aya
EG	Shahd
EG	Ashraqat
EG	Sahar
EG	Fatin
EG	Dalal
EG	Doha
EG	Fajr
EG	Suha
EG	Rowan
EG	Hosniya
EG	Hasnaa
EG	Hosna
EG	Gamila
EG	Gamalat
EG	Mohamed
EG	Youssef
EG	Ahmed
EG	Mahmoud
EG	Mustafa
EG	Yassin
EG	Taha
EG	Khaled
EG	Hamza
EG	Bilal
EG	Ibrahim
EG	Hassan
EG	Hussein
EG	Karim
EG	Tareq
EG	Abdel-Rahman
EG	Ali
EG	Omar
EG	Halim
EG	Murad
EG	Selim
EG	Abdallah
ES	Ane
ES	Laia
ES	June
ES	Nahia
ES	Maddi
ES	Malen
ES	Nora
ES	Irati
ES	Izaro
ES	Sara
ES	Markel
ES	Julen
ES	Oihan
ES	Jon
ES	Aiur
ES	Aimar
ES	Ibai
ES	Luka
ES	Danel
ES	Martina
ES	Mia
ES	Emma
ES	Ona
ES	Paula
ES	Marc
ES	Nil
ES	Pol
ES	Jan
ES	Leo
ES	Pau
ES	Marti
ES	Biel
ES	Hugo
ES	Valeria
ES	Julia
ES	Daniela
ES	Carla
ES	Mateo
ES	Lucas
ES	Manuel
ES	Daniel
ES	Alejandro
ES	Pablo
FI	Olivia
FI	Aino
FI	Aada
FI	Lilja
FI	Eevi
FI	Isla
FI	Helmi
FI	Venla
FI	Sofia
FI	Ellen
FI	Leo
FI	Eino
FI	Oliver
FI	Elias
FI	Onni
FI	Emil
FI	Eeli
FI	Toivo
FI	Leevi
FO	Lea
FO	Emma
FO	Julia
FO	Ria
FO	Isabella
FO	Nora
FO	Ronja
FO	Andrias
FO	Markus
FO	Mattias
FO	Adrian
FO	Gilli
FR	Jade
FR	Emma
FR	Louise
FR	Mia
FR	Alice
FR	Lina
FR	Ambre
FR	Rose
FR	Anna
FR	Gabriel
FR	Arthur
FR	Louis
FR	Lucas
FR	Adam
FR	Tiago
FR	Hugo
GB	Olivia
GB	Amelia
GB	Isla
GB	Ava
GB	Ivy
GB	Florence
GB	Lily
GB	Freya
GB	Mia
GB	Willow
GB	Noah
GB	George
GB	Oliver
GB	Muhammad
GB	Arthur
GB	Leo
GB	Harry
GB	Oscar
GB	Henry
GB	Theodore
GB	Rosie
GB	Grace
GB	Evie
GB	Theo
GB	Charlie
GB	Archie
GB	Jack
GB	Emily
GB	Fiadh
GB	Aoife
GB	Annie
GB	James
GB	Oisin
GB	Cillian
GB	Thomas
GB	Millie
GB	Sophie
GB	Ella
GB	Charlotte
GB	Harris
GB	Luca
GB	Rory
GB	Alfie
GB	Finlay
GB	Lewis
GG	Olivia
GG	Charlotte
GG	Evie
GG	Florence
GG	Imogen
GG	Isla
GG	Penelope
GG	Luca
GG	Theodore
GG	Archie
GG	Leo
GG	Theo
GG	Arthur
GG	George
GG	Max
GG	Oscar
GG	Thomas
GG	William
GI	Sophia
GI	Ava
GI	Chloe
GI	Isabella
GI	Maya
GI	Olivia
GI	Anna
GI	Hannah
GI	Kai
GI	Max
GI	Daniel
GI	Hugo
GI	Jack
GI	Lucas
GI	Noah
GI	Oliver
GL	Ivaana
GL	Nivi
GL	Uiloq
GL	Niviaq
GL	Isabella
GL	Ivalu
GL	Pipaluk
GL	Malu
GL	Paninnguaq
GL	Aviana
GL	Maya
GL	Paneeraq
GL	Inuk
GL	Malik
GL	Minik
GL	Inunnguag
GL	Liam
GL	Ulloriaq
GL	Norsaq
GL	Aputsiaq
GL	Ivik
GL	Miki
GL	Maligiaq
GL	Noah
GL	Qillaq
GL	Inutsiaq
GL	Nuka
GL	Salik
GQ	Isabel
GQ	Esperanza
GQ	Milagrosa
GQ	Manuel
GQ	Juan
GQ	Antonio
HR	Mia
HR	Lucija
HR	Nika
HR	Rita
HR	Ema
HR	Mila
HR	Marta
HR	Sara
HR	Ana
HR	Dora
HR	Luka
HR	David
HR	Jakov
HR	Ivan
HR	Roko
HR	Petar
HR	Mateo
HR	Niko
HR	Matej
HR	Fran
HR	Josip
HT	Widelene
HT	Mirlande
HT	Myrlande
HT	Islande
HT	Lovelie
HT	Lovely
HT	Judeline
HT	Angeline
HT	Esther
HT	Chedeline
HT	Jessica
HT	Rose-Merline
HT	Stevenson
HT	Stanley
HT	Samuel
HT	Peterson
HT	Daniel
HT	Wilson
HT	Jameson
HT	Evens
HT	Ricardo
HT	Emmanuel
HU	Hanna
HU	Anna
HU	Luca
HU	Emma
HU	Lili
HU	Lilien
HU	Lara
HU	Levente
HU	Dominik
HU	Bence
HU	Noel
HU	Marcell
IE	Emily
IE	Grace
IE	Fiadh
IE	Sophie
IE	Lily
IE	Ava
IE	Mia
IE	Ellie
IE	Olivia
IE	Jack
IE	Noah
IE	James
IE	Charlie
IE	Tadhg
IE	Liam
IE	Cillian
IE	Daniel
IL	Charbel
IL	Jude
IL	Niel
IL	Elias
IL	Liam
IL	George
IL	Lin
IL	Maria
IL	Sama
IL	Celine
IL	Leah
IL	Adam
IL	Taim
IL	Amir
IL	Mila
IL	Ayalah
IL	Lur
IL	Yasmin
IL	Muhammad
IL	Ahmad
IL	Yusef
IL	Omer
IL	Ali
IL	Abd
IL	Ibrahim
IL	Mahmoud
IL	Maryam
IL	Shams
IL	Lyn
IL	Malek
IL	Jori
IL	Lian
IL	Aline
IL	Nur
IL	Marya
IL	David
IL	Ariel
IL	Lavi
IL	Uri
IL	Refael
IL	Noam
IL	Eitan
IL	Ari
IL	Daniel
IL	Yehuda
IL	Avigail
IL	Tamar
IL	Noa
IL	Sarah
IL	Adele
IL	Maya
IL	Lia
IL	Ayala
IM	Lily
IM	Lillie
IM	Lilly
IM	Ella
IM	Emilia
IM	Emelia
IM	Emiliya
IM	Olivia
IM	Isla
IM	Isabella
IM	Noah
IM	Theo
IM	Theodore
IM	Jack
IM	Leo
IM	Alfie
IM	Archie
IM	Benjamin
IM	Edward
IN	Aditi
IN	Inaya
IN	Aarya
IN	Kiara
IN	Aadhya
IN	Vamika
IN	Pari
IN	Jiya
IN	Mehar
IN	Amayra
IN	Muhammad
IN	Shivansh
IN	Dhruv
IN	Kabir
IN	Vedant
IN	Kiaan
IN	Aarav
IN	Arjun
IN	Viraj
IN	Krishna
IQ	Ali
IQ	Muhammed
IQ	Hussein
IQ	Hydar
IQ	Ahmed
IQ	Omar
IQ	Hasan
IQ	Kathem
IQ	Abdullah
IQ	Ammar
IR	Fatemeh
IR	Zahra
IR	Helma
IR	Zeinab
IR	Yasna
IR	Ava
IR	Mersana
IR	Nazanin-Zahra
IR	Baran
IR	Fatemeh-Zahra
IR	Amir-Ali
IR	Mohammad
IR	Ali
IR	Amir-Hossein
IR	Hossein
IR	AbulFazl
IR	Amir-Abbas
IR	Samyar
IR	Mohammad-Taha
IR	Aria
IR	Maryam
IR	Ma'soumeh
IR	Sakineh
IR	Roghayyeh
IR	Khadije
IR	Leyla
IR	Somayyeh
IR	Mahdi
IR	Hassan
IR	Reza
IR	Ahmad
IR	Mohammad-Reza
IR	Abbas
IR	Ali-Reza
IS	Embla
IS	Sara
IS	Matthildur
IS	Katla
IS	Eva
IS	Saga
IS	Aron
IS	Alexander
IS	Emil
IS	Mikael
IS	Atlas
IS	Elmar
IT	Sofia
IT	Aurora
IT	Giulia
IT	Ginevra
IT	Beatrice
IT	Alice
IT	Vittoria
IT	Emma
IT	Ludovica
IT	Matilde
IT	Leonardo
IT	Alessandro
IT	Tommaso
IT	Francesco
IT	Lorenzo
IT	Edoardo
IT	Mattia
IT	Riccardo
IT	Gabriele
IT	Andrea
JE	Willow
JE	Mia
JE	Aria
JE	Sienna
JE	Lily
JE	Daisy
JE	Olivia
JE	Emily
JE	Florence
JE	Valentina
JE	Arthur
JE	Noah
JE	Luca
JE	Leo
JE	Lucas
JE	Oliver
JE	Theodore
JE	Frederick
JE	Finn
JE	Albert
JM	Amelia
JM	Arianna
JM	Gianna
JM	Kyra
JM	Azora Kiara
JM	Azariah
JM	Aria
JM	Ariana
JM	Azaria
JM	Aiden
JM	Liam
JM	Malachi
JM	Amir
JM	thaniel
JM	Joshua
JM	Josiah
JM	Zahir
JM	than
JO	Jouri
JO	Salma
JO	Naya
JO	Mira
JO	Lianne
JO	Leen
JO	Zina
JO	Mariam
JO	Wateen
JO	Tuleen
JO	Mohammad
JO	Adam
JO	Ahmed
JO	Youssef
JO	Omar
JO	Karam
JO	Shahem
JO	Jad
JO	Ali
JO	Hashem
KW	Fatma
KW	Mariam
KW	Hussa
KW	Sherifa
KW	Sara
KW	Reem
KW	Aisha
KW	Dalal
KW	Lulwa
KW	Shaikha
KW	Mohammad
KW	Abdullah
KW	Fahad
KW	Khaled
KW	Ali
KW	Yousef
KW	Ahmed
KW	Abdulaziz
KW	Faisal
KW	Bader
LB	Marie
LB	Fatima
LB	Jessica
LB	Zeinab
LB	Mariam
LB	Sarah
LB	Maya
LB	Layla
LB	Christina
LB	Amal
LB	Elie
LB	Mohammad
LB	Charbel
LB	Ali
LB	Hassan
LB	Hussein
LB	George
LB	Ahmad
LB	Christian
LB	Joe
LI	Emilia
LI	Frida
LI	Frieda
LI	Mia
LI	Emma
LI	Melina
LI	Sofia
LI	Sophia
LI	Elias
LI	Elyas
LI	Louis
LI	Luis
LI	Leo
LI	Noah
LI	Paul
LI	Leano
LI	Luca
LI	Mattia
LI	Nelio
LI	Raphael
LI	Rafael
LI	Valentin
LT	Sofija
LT	Emilija
LT	Amelija
LT	Gabija
LT	Patricija
LT	Elija
LT	Liepa
LT	Markas
LT	Benas
LT	Dominykas
LT	Herkus
LT	Lukas
LT	Jonas
LT	Matas
LT	Kajus
LT	Adomas
LU	Emma
LU	Lara
LU	Amy
LU	Sarah
LU	Charlotte
LU	Emily
LU	Gabriel
LU	Leo
LU	Luca
LU	Noah
LU	David
LU	Tom
LU	Ben
LV	Sofija
LV	Alise
LV	Marta
LV	Paula
LV	Anna
LV	Emma
LV	Elza
LV	Marks
LV	Roberts
LV	Gustavs
LV	Adrians
LV	Daniels
LV	Ralfs
LY	Aya
LY	Rania
LY	Sarah
LY	Reem
LY	Hoda
LY	Marwa
LY	Mona
LY	Fatima
LY	Eisha
LY	Nesreen
LY	Mohammed
LY	Ahmed
LY	Ali
LY	Hamza
LY	Ibrahim
LY	Mahmoud
LY	Abdallah
LY	Tareq
LY	Hassan
LY	Khaled
MA	Aya
MA	Yasmine
MA	Assia
MA	Maryam
MA	Nora
MA	Amira
MA	Amina
MA	Mohamed
MA	Amir
MA	Ibrahim
MA	Ayoub
MA	Youssef
MA	Wassim
MA	Ali
MA	Amine
MC	Emma
MC	Victoria
MC	Alice
MC	Stella
MC	Leonardo
MC	Gabriel
MC	Aaron
MC	Louis
MD	Sofia
MD	Amelia
MD	Victoria
MD	Daria
MD	Anastasia
MD	Maria
MD	Eva
MD	Alexandra
MD	Evelina
MD	Emma
MD	David
MD	Matei
MD	Maxim
MD	Daniel
MD	Bogdan
MD	Alexandru
MD	Damian
MD	Mark
MD	Artiom
MD	Ion
ME	Sofija
ME	Dunja
ME	Bogdana
ME	Teodora
ME	Sara
ME	Mila
ME	Ksenija
ME	Tara
ME	Anastasija
ME	Luka
ME	Lazar
ME	Vuk
ME	Bogdan
ME	Vasilije
ME	Petar
ME	Jakov
ME	Viktor
ME	Andrej
ME	Jovan
MK	Marija
MK	Elena
MK	Biljana
MK	Vesna
MK	Snezana
MK	Violeta
MK	Aleksandra
MK	Suzana
MK	Katerina
MK	Ivana
MK	Aleksandar
MK	Zoran
MK	Nikola
MK	Goran
MK	Dragan
MK	Dejan
MK	Petar
MK	Igor
MK	Ilija
MK	Stefan
ML	Fatoumata
ML	Mariam
ML	Aminata
ML	Hawa
ML	Awa
ML	Oumou
ML	Djeneba
ML	Bintou
ML	Fanta
ML	Kadiatou
ML	Mamadou
ML	Moussa
ML	Mahamadou
ML	Adama
ML	Bakary
ML	Abdoulaye
ML	Modibo
ML	Oumar
ML	Sekou
ML	Souleymane
MN	Odval
MN	Bolormaa
MN	Bayarmaa
MN	Oyunbileg
MN	Khongordzol
MN	Naranbaatar
MN	Chuluun
MT	Mia
MT	Emma
MT	Nina
MT	Giulia
MT	Luca
MT	Liam
MT	Noah
MT	Matteo
MX	Valentina
MX	Regina
MX	Ximena
MX	Camila
MX	Valeria
MX	Victoria
MX	Renata
MX	Santiago
MX	Mateo
MX	Leordo
MX	Emiliano
MX	Diego
MX	Daniel
MX	Alexander
MY	Nur
MY	Wan
MY	Nurul
MY	Aisyah
MY	Maryam
MY	Siti
MY	Dhia
MY	Naura
MY	Ayra
MY	Puteri
MY	Muhamad
MY	Ahmad
MY	Adam
MY	Amar
MY	Iman
MY	Harraz
MY	Izz
MY	Umar
MY	Aariz
NL	Emma
NL	Julia
NL	Mila
NL	Sophie
NL	Olivia
NL	Yara
NL	Saar
NL	Nora
NL	Tess
NL	Noor
NL	Noah
NL	Liam
NL	Luca
NL	Lucas
NL	Mees
NL	Finn
NL	James
NL	Milan
NL	Levi
NL	Sem
NO	Nora
NO	Emma
NO	Olivia
NO	Ella
NO	Sofie
NO	Leah
NO	Frida
NO	Iben
NO	Sofia
NO	Sara
NO	Jakob
NO	Noah
NO	Emil
NO	Lucas
NO	Oliver
NO	Isak
NO	William
NO	Filip
NO	Aksel
NO	Theodor
NP	Shristi
NP	Sunita
NP	Rabina
NP	Asmita
NP	Niharika
NP	Binita
NP	Aasha
NP	Kabita
NP	Sita
NP	Gita
NP	Krishna
NP	Kiran
NP	Bishal
NP	Bibek
NP	Siddhartha
NP	Manish
NP	Mahesh
NP	Kamal
NP	Prem
NP	Prakash
NZ	Mia
NZ	Aria
NZ	Maia
NZ	Aurora
NZ	Amaia
NZ	Kiara
NZ	Kaia
NZ	Amara
NZ	Kora
NZ	Maria
NZ	Nikau
NZ	Ari
NZ	Niko
NZ	Koa
NZ	Mateo
NZ	Keanu
NZ	Mikaere
NZ	Manaia
NZ	Kairo
NZ	Kiwa
NZ	Isla
NZ	Amelia
NZ	Charlotte
NZ	Mila
NZ	Lily
NZ	Ava
NZ	Willow
NZ	Olivia
NZ	Harper
NZ	Sophie
NZ	Oliver
NZ	Noah
NZ	Leo
NZ	Jack
NZ	Luca
NZ	Theodore
NZ	George
NZ	Charlie
NZ	Hudson
NZ	William
PA	Emma
PA	Ana
PA	Isabella
PA	Camila
PA	Emily
PA	Thiago
PA	Ian
PA	Lucas
PA	Dylan
PA	Luis
PA	Juan
PA	Eithan
PA	Carlos
PA	Liam
PE	Mia
PE	Camila
PE	Alessia
PE	Luciana
PE	Zoe
PE	Valentina
PE	Aitana
PE	Danna
PE	Luana
PE	Ariana
PE	Liam
PE	Thiago
PE	Dylan
PE	Gael
PE	Mateo
PE	Ian
PE	Luis
PE	Lucas
PE	Santiago
PE	Juan
PF	Tiare
PF	Hinano
PF	Poema
PF	Maeva
PF	Hina
PF	Vaea
PF	Titaua
PF	Moea
PF	Moeata
PF	Tarita
PF	Titaina
PF	Teura
PF	Heikapu
PF	Mareva
PF	Hiro
PF	Teiki
PF	Moana
PF	Manua
PF	Marama
PF	Teiva
PF	Teva
PF	Maui
PF	Tehei
PF	Tamatoa
PF	Ioane
PF	Tapuarii
PH	Althea
PH	Angel
PH	Samantha
PH	Sophia
PH	Sofia
PH	Andrea
PH	Nathalie
PH	Princess
PH	Angela
PH	Chloe
PH	Jacob
PH	Nathaniel
PH	Gabriel
PH	Ezekiel
PH	Nathan
PH	Ethan
PH	Angelo
PH	James
PH	Matthew
PH	Zion
PK	Fatima
PK	Fozia
PK	Bismah
PK	Sobia
PK	Farrah
PK	Maryam
PK	Farzana
PK	Ayesha
PK	Sakeena
PK	Zainab
PK	Mohammad
PK	Ali
PK	Hussain
PK	Omar
PK	Bilal
PK	Usman
PK	Zahid
PK	Shahid
PK	Saqib
PK	Nomaan
PL	Zofia
PL	Zuzanna
PL	Hanna
PL	Maja
PL	Laura
PL	Julia
PL	Oliwia
PL	Alicja
PL	Lena
PL	Pola
PL	Antoni
PL	Jan
PL	Aleksander
PL	Franciszek
PL	Nikodem
PL	Jakub
PL	Leon
PL	Szymon
PR	Valentina
PR	Emma
PR	Victoria
PR	Luna
PR	Aurora
PR	Amaia
PR	Catalina
PR	Milena
PR	Gianna
PR	Liam
PR	Thiago
PR	Noah
PR	Mateo
PR	Lucas
PR	Dylan
PR	Ian
PR	Ethan
PT	Maria
PT	Alice
PT	Leonor
PT	Matilde
PT	Benedita
PT	Carolina
PT	Beatriz
PT	Margarida
PT	Francisca
PT	Camila
PT	Francisco
PT	Afonso
PT	Duarte
PT	Santiago
PT	Martim
PT	Miguel
PT	Gabriel
PY	Elizabeth
PY	Beatriz
PY	Ramona
PY	Liz
PY	Carolina
PY	Mabel
PY	Raquel
PY	Juan
PY	Antonio
PY	Carlos
PY	Daniel
PY	Luis
PY	Javier
PY	David
RO	Sofia
RO	Amelia
RO	Anastasia
RO	Maria
RO	Victoria
RO	Daria
RO	Eva
RO	Alexandra
RO	Evelina
RO	Andreea
RO	David
RO	Matei
RO	Bogdan
RO	Maxim
RO	Alexandru
RO	Damian
RO	Daniel
RO	Artiom
RO	Ion
RO	Gabriel
RS	Mia
RS	Ema
RS	Mila
RS	Lara
RS	Lina
RS	Sofia
RS	Hana
RS	Ana
RS	Lea
RS	Natalija
RS	Relja
RS	Mateo
RS	Noa
RS	Emil
RS	Leon
RS	Teo
RS	Matija
RS	Filip
RS	Nikola
RS	Danijel
RU	Yeva
RU	Sofiya
RU	Anna
RU	Viktoriya
RU	Mariya
RU	Alisa
RU	Varvara
RU	Polina
RU	Vasilisa
RU	Anastasiya
RU	Artem
RU	Mikhail
RU	Aleksandr
RU	Matvey
RU	Timofey
RU	Lev
RU	Dmitry
RU	Mark
RU	Roman
RU	Ivan
SA	Sara
SA	Latifa
SA	Nora
SA	Hessa
SA	Maysoun
SA	Maha
SA	Nouf
SA	Noor
SA	Reema
SA	Alanoud
SA	Mohammad
SA	Fahd
SA	Abdullah
SA	Abdulrahman
SA	Turki
SA	Bandar
SA	Omar
SA	Ali
SI	Ema
SI	Zala
SI	Mia
SI	Julija
SI	Hana
SI	Sofija
SI	Ajda
SI	Vita
SI	Lana
SI	Nika
SI	Mila
SI	Sara
SI	Filip
SI	Luka
SI	Nik
SI	Mark
SI	Jakob
SI	Liam
SI	Lan
SI	Oskar
SI	Tim
SI	Lovro
SK	Sofia
SK	Nina
SK	Ema
SK	Nela
SK	Mia
SK	Olivia
SK	Jakub
SK	Samuel
SK	Adam
SK	Michal
SK	Oliver
SK	Filip
SK	Martin
SK	Matej
SK	Richard
SM	Aurora
SM	Sofia
SM	Tommaso
SM	Edoardo
SM	Leonardo
SV	Astrid
SV	Maja
SV	Alma
SV	Vera
SV	Freja
SV	Leah
SV	Ella
SV	Alice
SV	Selma
SV	Lilly
SV	William
SV	Liam
SV	Noah
SV	Hugo
SV	Oliver
SV	Lucas
SV	Nils
SV	Matteo
SV	Valter
SV	August
TH	Somchai
TH	Somsak
TH	Somporn
TH	Somboon
TH	Prasert
TJ	Sumayah
TJ	Asiya
TJ	Oisha
TJ	Googoosh
TJ	Anohito
TJ	Indira
TJ	Muhammad
TJ	Yusuf
TJ	Abdullo
TJ	Abubakr
TN	Mariam
TN	Shayma
TN	Khawla
TN	Mehdi
TN	Youssef
TN	Aziz
TN	Karim
TR	Fatma
TR	Emine
TR	Hatice
TR	Zeynep
TR	Elif
TR	Meryem
TR	Zehra
TR	Sultan
TR	Mehmet
TR	Mustafa
TR	Ahmet
TR	Ali
TR	Hasan
TR	Ibrahim
TR	Osman
TR	Yusuf
TR	Asel
TR	Asya
TR	Defne
TR	Nehir
TR	Azra
TR	Ecrin
TR	Alparslan
TR	Eymen
TR	Aras
TR	Ali Asaf
UA	Anna
UA	Anastasiya
UA	Veronika
UA	Sofiya
UA	Oleksandra
UA	Mariya
UA	Viktoriya
UA	Milana
UA	Yeva
UA	Solomiya
UA	Artem
UA	Dmytro
UA	Ivan
UA	Maksym
UA	Mykhaylo
UA	Danylo
UA	Vladyslav
UA	Oleksandr
UA	Andriy
US	Mary
US	Patricia
US	Linda
US	Barbara
US	Elizabeth
US	Jennifer
US	Maria
US	Susan
US	Margaret
US	Dorothy
US	James
US	John
US	Robert
US	Michael
US	William
US	David
US	Richard
US	Charles
US	Joseph
US	Thomas
US	Olivia
US	Emma
US	Charlotte
US	Amelia
US	Sophia
US	Isabella
US	Ava
US	Mia
US	Evelyn
US	Luna
US	Liam
US	Noah
US	Oliver
US	Elijah
US	Henry
US	Lucas
US	Benjamin
US	Theodore
UY	Maria
UY	Isabella
UY	Valentina
UY	Emma
UY	Martina
UY	Catalina
UY	Juan
UY	Mateo
VE	Camila
VE	Isabella
VE	Victoria
VE	Valentina
VE	Valeria
VE	Nicole
VE	Samantha
VE	Mariana
VE	Antonella
VE	Santiago
VE	Samuel
VE	Diego
VE	Gabriel
VE	Alejandro
VE	Diego Alejandro
VE	Daniel Alejandro
VE	David
ZA	Melokuhle
ZA	Omphile
ZA	Iminathi
ZA	Lisakhanya
ZA	Lethabo
ZA	Amahle
ZA	Lesedi
ZA	Rethabile
ZA	Lethokuhle
ZA	Asemahle
ZA	Lubanzi
ZA	Junior
ZA	Siphosethu
ZA	Lwandle
ZA	Banele
ZA	Ofentse
AE	Maryam
AE	Lyn
AE	Hur
AE	Lian
AE	Maria
AE	Malak
AE	Nur
AE	Mila
AE	Farah
AE	Mohamed
AE	Yousouf
AE	Adam
AE	Abd
AE	Khaled
AE	Fahd
BG	Viktoria
BG	Maria
BG	Nikol
BG	Raya
BG	Sofia
BG	Yoana
BG	Dragana
BG	Gabriela
BG	Aleksandra
BG	Simona
BG	Aleksandar
BG	Georgi
BG	Martin
BG	Kaloyan
BG	Boris
BG	Dimitar
BG	Teodor
BG	Daniel
BG	Ivan
BG	Nikola
BG	Viktor
CY	Maria
CY	Eleni
CY	Androula
CY	Georgia
CY	Panagiota
CY	Anna
CY	Christina
CY	Katerina
CY	Ioanna
CY	Kyriaki
CY	Andreas
CY	Georgios
CY	Konstantinos
CY	Christos
CY	Nikolaos
CY	Michalis
CY	Panagiotis
CY	Ioannis
CY	Marios
CY	Dimitrios
GE	Mariami
GE	Nino
GE	Elene
GE	Barbare
GE	Lile
GE	Anastasia
GE	Nia
GE	Nutsa
GE	Sesili
GE	Ana
GE	Gabriel
GE	Andria
GE	Giorgi
GE	Davit
GE	Aleksandre
GE	Nikoloz
GE	Demetre
GE	Luka
GE	Daniel
GE	Gabor
GR	Maria
GR	Eleni
GR	Aikaterini
GR	Vasiliki
GR	Sophia
GR	Angeliki
GR	Georgia
GR	Gogo
GR	Dimitra
GR	Konstantina
GR	Paraskevi
GR	Georgios
GR	Ioannis
GR	Konstantinos
GR	Dimitrios
GR	Nikolaos
GR	Panagiotis
GR	Vasileios
GR	Christos
GR	Athanasios
GR	Michail
KG	Saliha
KG	Rayana
KG	Amina
KG	Aylin
KG	Aliya
KG	Safiya
KG	Aruuzat
KG	Hadicha
KG	Aruuke
KG	Muhammad
KG	Umar
KG	Ali
KG	Amir
KG	Bilal
KG	Alikhan
KG	Alinur
KG	Nurislam
KG	Emir
KG	Usman
KR	Ji-an
KR	Ha-yoon
KR	Seo-ah
KR	Ha-eun
KR	Seo-yun
KR	Ha-rin
KR	Ji-yoo
KR	Ji-woo
KR	Soo-ah
KR	Ji-a
KR	Seo-jun
KR	Ha-joon
KR	Do-yun
KR	Eun-woo
KR	Si-woo
KR	Ji-ho
KR	Ye-jun
KR	Yu-jun
KR	Ju-won
KR	Min-jun
KZ	Aylin
KZ	Asilim
KZ	Rayana
KZ	Ayala
KZ	Ayzere
KZ	Amina
KZ	Tomyris
KZ	Ayim
KZ	Alikhan
KZ	Aisultan
KZ	Nurislam
KZ	Aldiyar
KZ	Amir
KZ	Alinur
KZ	Ali
KZ	Omar
KZ	Ramazan
KZ	Muhammed
ME	Jelena
ME	Milica
ME	Marija
ME	Ivana
ME	Milena
ME	Ana
ME	Dragana
ME	Radmila
ME	Vesna
ME	Ljiljana
ME	Nikola
ME	Marko
ME	Dragan
ME	Zoran
ME	Milan
ME	Aleksandar
ME	Ivan
MK	Jana
MK	Sofija
MK	Mila
MK	Hana
MK	Bisera
MK	Sara
MK	Jovana
MK	Eva
MK	Darija
MK	Luka
MK	Damjan
MK	Mihail
MK	Marko
MK	Jovan
MK	David
MK	Jakov
MK	Matej
RS	Milica
RS	Jelena
RS	Marija
RS	Mirjana
RS	Dragana
RS	Ljiljana
RS	Ivana
RS	Gordana
RS	Dragan
RS	Milan
RS	Aleksandar
RS	Zoran
RS	Marko
RS	Goran
RS	Dejan
RU	Anastasia
RU	Yelena
RU	Olga
RU	Natalia
RU	Yekaterina
RU	Tatiana
RU	Maria
RU	Irina
RU	Yulia
RU	Alexander
RU	Sergei
RU	Andrei
RU	Alexey
RU	Maxim
RU	Evgeny
RU	Artyom
RU	Eva
RU	Alexandra
RU	Elizaveta
RU	Daniil
TW	Shu-fen
TW	Shu-hui
TW	Mei-ling
TW	Ya-ting
TW	Mei-hui
TW	Li-hua
TW	Shu-chuan
TW	Shu-chen
TW	I-chun
TW	Shu-hua
TW	Chia-hao
TW	Chih-ming
TW	Chun-chieh
TW	Chien-hung
TW	Chun-hung
TW	Chih-hao
TW	Chih-wei
TW	Wen-Hsiung
TW	Chin-lung
TW	Chih-chiang
JP	Aoi
JP	Ao
JP	Nagi
JP	Nagisa
JP	Ren
JP	Haruto
JP	Hinato
JP	Minato
JP	Itsuki
JP	Tatsuki
JP	Yamato
JP	Haruma
JP	Dan
JP	Haru
JP	Himari
JP	Hinata
JP	Hina
JP	Rin
JP	Uta
JP	Haruna
JP	Yuina
JP	Yuna
JP	An
JP	Anzu
JP	Mio
JP	Rei
JP	Yua
JP	Mei
JP	Riko
JP	Sakura
JP	Ema
